{
  "metadata": {
    "version": "1.0.0",
    "created_at": "2025-10-19T17:05:09.259875",
    "input_file": "test_video.mp4",
    "audio_duration": 125.95201814058957,
    "sample_rate": 22050,
    "configuration": {
      "clips_count": 3,
      "min_clip_length": 15.0,
      "max_clip_length": 30.0,
      "pre_roll": 10.0,
      "peak_spacing": 80,
      "with_motion": true,
      "align_to_beat": false,
      "seed_timestamps": []
    }
  },
  "clips": [
    {
      "clip_id": 1,
      "start": 17.213786848072562,
      "end": 42.105984945210736,
      "center": 27.213786848072562,
      "score": 0.6594798731425451,
      "seed_based": false,
      "aligned": false,
      "length": 24.892198097138177
    },
    {
      "clip_id": 2,
      "start": 46.26195011337869,
      "end": 70.9742245828051,
      "center": 56.26195011337869,
      "score": 0.6474849646284283,
      "seed_based": false,
      "aligned": false,
      "length": 24.712274469426426
    },
    {
      "clip_id": 3,
      "start": 91.58730158730158,
      "end": 117.55111559911498,
      "center": 101.58730158730158,
      "score": 0.730920934120893,
      "seed_based": false,
      "aligned": false,
      "length": 25.963814011813394
    }
  ],
  "summary": {
    "total_clips": 3,
    "seed_based_clips": 0,
    "auto_detected_clips": 3,
    "average_score": 0.6792952572972887,
    "total_duration": 75.568286578378,
    "coverage_percentage": 59.997678238095006
  }
}