{
  "metadata": {
    "version": "1.0.0",
    "created_at": "2025-10-19T14:34:45.994455",
    "input_file": "test_video.mp4",
    "audio_duration": 125.95201814058957,
    "sample_rate": 22050,
    "configuration": {
      "clips_count": 3,
      "min_clip_length": 15.0,
      "max_clip_length": 30.0,
      "pre_roll": 10.0,
      "peak_spacing": 80,
      "with_motion": false,
      "align_to_beat": false,
      "seed_timestamps": [
        90.0,
        120.0
      ]
    }
  },
  "clips": [
    {
      "clip_id": 1,
      "start": 45.635011337868484,
      "end": 72.08796068298034,
      "center": 55.635011337868484,
      "score": 0.7635299563407898,
      "seed_based": false,
      "aligned": false,
      "length": 26.452949345111847
    },
    {
      "clip_id": 2,
      "start": 59.31156462585034,
      "end": 86.07893949901165,
      "center": 69.31156462585034,
      "score": 0.7844916582107544,
      "seed_based": false,
      "aligned": false,
      "length": 26.767374873161316
    },
    {
      "clip_id": 3,
      "start": 91.65696145124717,
      "end": 120.25189609356208,
      "center": 101.65696145124717,
      "score": 0.9063289761543274,
      "seed_based": true,
      "aligned": false,
      "length": 28.59493464231491
    },
    {
      "clip_id": 4,
      "start": 91.65696145124717,
      "end": 120.25189609356208,
      "center": 101.65696145124717,
      "score": 0.9063289761543274,
      "seed_based": true,
      "aligned": false,
      "length": 28.59493464231491
    }
  ],
  "summary": {
    "total_clips": 4,
    "seed_based_clips": 2,
    "auto_detected_clips": 2,
    "average_score": 0.8401698917150497,
    "total_duration": 110.41019350290298,
    "coverage_percentage": 87.66051956361783
  }
}