{
  "metadata": {
    "version": "1.0.0",
    "created_at": "2025-10-19T14:56:31.288902",
    "input_file": "test_video.mp4",
    "audio_duration": 125.95201814058957,
    "sample_rate": 22050,
    "configuration": {
      "clips_count": 3,
      "min_clip_length": 15.0,
      "max_clip_length": 30.0,
      "pre_roll": 10.0,
      "peak_spacing": 80,
      "with_motion": false,
      "align_to_beat": false,
      "seed_timestamps": []
    }
  },
  "clips": [
    {
      "clip_id": 1,
      "start": 45.635011337868484,
      "end": 72.08796068298034,
      "center": 55.635011337868484,
      "score": 0.7635299563407898,
      "seed_based": false,
      "aligned": false,
      "length": 26.452949345111847
    },
    {
      "clip_id": 2,
      "start": 59.31156462585034,
      "end": 86.07893949901165,
      "center": 69.31156462585034,
      "score": 0.7844916582107544,
      "seed_based": false,
      "aligned": false,
      "length": 26.767374873161316
    },
    {
      "clip_id": 3,
      "start": 91.65696145124717,
      "end": 120.25189609356208,
      "center": 101.65696145124717,
      "score": 0.9063289761543274,
      "seed_based": false,
      "aligned": false,
      "length": 28.59493464231491
    }
  ],
  "tempo_confidence": 0.0,
  "summary": {
    "total_clips": 3,
    "seed_based_clips": 0,
    "auto_detected_clips": 3,
    "average_score": 0.8181168635686239,
    "total_duration": 81.81525886058807,
    "coverage_percentage": 64.95748148256317
  }
}