{
  "metadata": {
    "version": "1.0.0",
    "created_at": "2025-10-19T14:12:35.834261",
    "input_file": "test_video.mp4",
    "audio_duration": 125.95201814058957,
    "sample_rate": 22050,
    "configuration": {
      "clips_count": 3,
      "min_clip_length": 15.0,
      "max_clip_length": 30.0,
      "pre_roll": 10.0,
      "peak_spacing": 80,
      "with_motion": false,
      "align_to_beat": false,
      "seed_timestamps": []
    }
  },
  "clips": [
    {
      "clip_id": 1,
      "start": 45.61179138321995,
      "end": 73.1292521594468,
      "center": 55.61179138321995,
      "score": 0.8344973850817906,
      "seed_based": false,
      "aligned": false,
      "length": 27.51746077622686
    },
    {
      "clip_id": 2,
      "start": 91.6105215419501,
      "end": 120.88949747999779,
      "center": 101.6105215419501,
      "score": 0.9519317292031788,
      "seed_based": false,
      "aligned": false,
      "length": 29.278975938047683
    },
    {
      "clip_id": 3,
      "start": 91.6801814058957,
      "end": 120.41361014384262,
      "center": 101.6801814058957,
      "score": 0.9155619158631279,
      "seed_based": false,
      "aligned": false,
      "length": 28.733428737946916
    }
  ],
  "summary": {
    "total_clips": 3,
    "seed_based_clips": 0,
    "auto_detected_clips": 3,
    "average_score": 0.9006636767160324,
    "total_duration": 85.52986545222146,
    "coverage_percentage": 67.90670504124175
  }
}