{
  "metadata": {
    "version": "1.0.0",
    "created_at": "2025-10-19T15:34:05.313157",
    "input_file": "test_video.mp4",
    "audio_duration": 125.95201814058957,
    "sample_rate": 22050,
    "configuration": {
      "clips_count": 3,
      "min_clip_length": 15.0,
      "max_clip_length": 30.0,
      "pre_roll": 10.0,
      "peak_spacing": 80,
      "with_motion": false,
      "align_to_beat": true,
      "seed_timestamps": []
    }
  },
  "clips": [
    {
      "clip_id": 1,
      "start": 45.46467120181408,
      "end": 68.87038548752837,
      "center": 55.635011337868484,
      "score": 0.7635299563407898,
      "seed_based": false,
      "aligned": true,
      "length": 23.405714285714286,
      "beat_confidence": 0.9494281981702887,
      "original_start": 45.635011337868484,
      "original_duration": 26.452949345111847,
      "bars": 192
    },
    {
      "clip_id": 2,
      "start": 59.11800453514741,
      "end": 82.5237188208617,
      "center": 69.31156462585034,
      "score": 0.7844916582107544,
      "seed_based": false,
      "aligned": true,
      "length": 23.405714285714286,
      "beat_confidence": 0.9494281981702887,
      "original_start": 59.31156462585034,
      "original_duration": 26.767374873161316,
      "bars": 192
    },
    {
      "clip_id": 3,
      "start": 91.30086167800458,
      "end": 122.50848072562363,
      "center": 101.65696145124717,
      "score": 0.9063289761543274,
      "seed_based": false,
      "aligned": true,
      "length": 31.207619047619048,
      "beat_confidence": 0.9494281981702887,
      "original_start": 91.65696145124717,
      "original_duration": 28.59493464231491,
      "bars": 256
    }
  ],
  "summary": {
    "total_clips": 3,
    "seed_based_clips": 0,
    "auto_detected_clips": 3,
    "average_score": 0.8181168635686239,
    "total_duration": 78.01904761904763,
    "coverage_percentage": 61.943467656041506
  }
}