{
  "metadata": {
    "version": "1.0.0",
    "created_at": "2025-10-19T14:25:09.613959",
    "input_file": "test_video.mp4",
    "audio_duration": 125.95201814058957,
    "sample_rate": 22050,
    "configuration": {
      "clips_count": 3,
      "min_clip_length": 15.0,
      "max_clip_length": 30.0,
      "pre_roll": 10.0,
      "peak_spacing": 80,
      "with_motion": false,
      "align_to_beat": false,
      "seed_timestamps": []
    }
  },
  "clips": [
    {
      "clip_id": 1,
      "start": 44.474013605442174,
      "end": 73.64537279389702,
      "center": 54.474013605442174,
      "score": 0.9447572792303236,
      "seed_based": false,
      "aligned": false,
      "length": 29.171359188454854
    },
    {
      "clip_id": 2,
      "start": 91.56408163265306,
      "end": 120.64968892623772,
      "center": 101.56408163265306,
      "score": 0.9390404862389775,
      "seed_based": false,
      "aligned": false,
      "length": 29.085607293584662
    },
    {
      "clip_id": 3,
      "start": 112.48526077097506,
      "end": 141.58017828816375,
      "center": 122.48526077097506,
      "score": 0.9396611678125788,
      "seed_based": false,
      "aligned": false,
      "length": 29.094917517188684
    }
  ],
  "summary": {
    "total_clips": 3,
    "seed_based_clips": 0,
    "auto_detected_clips": 3,
    "average_score": 0.9411529777606266,
    "total_duration": 87.35188399922819,
    "coverage_percentage": 69.35330238355107
  }
}